<?xml version="1.0"?>
<!DOCTYPE liferay-portlet-app PUBLIC "-//Liferay//DTD Portlet Application 6.1.0//EN" "http://www.liferay.com/dtd/liferay-portlet-app_6_1_0.dtd">

<liferay-portlet-app>
	<portlet>
		<portlet-name>pinsightMediaSB</portlet-name>
		<icon>/icon.png</icon>
		<instanceable>false</instanceable>
		<header-portlet-css>/css/main.css</header-portlet-css>
		<header-portlet-css>/css/jquery.jqplot.min.css</header-portlet-css>
		<header-portlet-javascript>/js/jquery.min.js</header-portlet-javascript>
		<footer-portlet-javascript>/js/main.js</footer-portlet-javascript>
		<footer-portlet-javascript>/js/jquery.jqplot.min.js</footer-portlet-javascript>
		<footer-portlet-javascript>/js/plugins/jqplot.canvasTextRenderer.min.js</footer-portlet-javascript>
		<footer-portlet-javascript>/js/plugins/jqplot.barRenderer.min.js</footer-portlet-javascript>
		<footer-portlet-javascript>/js/plugins/jqplot.categoryAxisRenderer.min.js</footer-portlet-javascript>
		<footer-portlet-javascript>/js/plugins/jqplot.canvasAxisLabelRenderer.min.js</footer-portlet-javascript>
		<footer-portlet-javascript>/js/plugins/jqplot.canvasAxisTickRenderer.min.js</footer-portlet-javascript>
		<footer-portlet-javascript>/js/plugins/jqplot.highlighter.min.js</footer-portlet-javascript>
		<footer-portlet-javascript>/js/plugins/jqplot.cursor.min.js</footer-portlet-javascript>
		<footer-portlet-javascript>/js/plugins/jqplot.dateAxisRenderer.min.js</footer-portlet-javascript>
		
		<css-class-wrapper>pinsightMediaSB-portlet</css-class-wrapper>
	</portlet>
	<role-mapper>
		<role-name>administrator</role-name>
		<role-link>Administrator</role-link>
	</role-mapper>
	<role-mapper>
		<role-name>guest</role-name>
		<role-link>Guest</role-link>
	</role-mapper>
	<role-mapper>
		<role-name>power-user</role-name>
		<role-link>Power User</role-link>
	</role-mapper>
	<role-mapper>
		<role-name>user</role-name>
		<role-link>User</role-link>
	</role-mapper>
</liferay-portlet-app>