<?xml version="1.0"?>
<!DOCTYPE hibernate-mapping PUBLIC "-//Hibernate/Hibernate Mapping DTD 3.0//EN" "http://hibernate.sourceforge.net/hibernate-mapping-3.0.dtd">

<hibernate-mapping default-lazy="false" auto-import="false">
	<import class="com.pinsightmedia.sb.model.Advertising" />
	<class name="com.pinsightmedia.sb.model.impl.AdvertisingImpl" table="ADVERTISING">
		<cache usage="read-write" />
		<id name="adsId" column="AD_ID" type="long">
			<generator class="increment" />
		</id>
		<property name="groupId" type="com.liferay.portal.dao.orm.hibernate.LongType" column="AD_GRP_ID" />
		<property name="companyId" type="com.liferay.portal.dao.orm.hibernate.LongType" column="AD_COMP_ID" />
		<property name="userId" type="com.liferay.portal.dao.orm.hibernate.LongType" column="AD_USER_ID" />
		<property name="userName" type="com.liferay.portal.dao.orm.hibernate.StringType" column="AD_USERNAME" />
		<property name="createDate" type="org.hibernate.type.TimestampType" column="AD_CREATE_DT" />
		<property name="modifiedDate" type="org.hibernate.type.TimestampType" column="AD_MODIFIED_DT" />
		<property name="data1" type="com.liferay.portal.dao.orm.hibernate.DoubleType" column="AD_DATA1" />
		<property name="data2" type="com.liferay.portal.dao.orm.hibernate.DoubleType" column="AD_DATA2" />
		<property name="data3" type="com.liferay.portal.dao.orm.hibernate.DoubleType" column="AD_DATA3" />
		<property name="data4" type="com.liferay.portal.dao.orm.hibernate.DoubleType" column="AD_DATA4" />
		<property name="data5" type="com.liferay.portal.dao.orm.hibernate.DoubleType" column="AD_DATA5" />
	</class>
</hibernate-mapping>