<?xml version="1.0"?>

<model-hints>
	<model name="com.pinsightmedia.sb.model.Advertising">
		<field name="adsId" type="long" />
		<field name="groupId" type="long" />
		<field name="companyId" type="long" />
		<field name="userId" type="long" />
		<field name="userName" type="String" />
		<field name="createDate" type="Date" />
		<field name="modifiedDate" type="Date" />
		<field name="data1" type="double" />
		<field name="data2" type="double" />
		<field name="data3" type="double" />
		<field name="data4" type="double" />
		<field name="data5" type="double" />
	</model>
</model-hints>